Year,Month,Time,EPUUS_index, CPI , INFMoM ,EPUMoM
1990,1,1/1/1990,92.32 ,127.50 , 0.00353 , 0.15439 
1990,2,1/2/1990,110.45 ,128.00 , 0.00392 , 0.19632 
1990,3,1/3/1990,104.46 ,128.60 , 0.00469 , -0.05419 
1990,4,1/4/1990,88.45 ,128.90 , 0.00233 , -0.15329 
1990,5,1/5/1990,97.39 ,129.10 , 0.00155 , 0.10107 
1990,6,1/6/1990,100.86 ,129.90 , 0.00620 , 0.03570 
1990,7,1/7/1990,86.28 ,130.50 , 0.00462 , -0.14459 
1990,8,1/8/1990,139.32 ,131.60 , 0.00843 , 0.61477 
1990,9,1/9/1990,165.94 ,132.50 , 0.00684 , 0.19104 
1990,10,1/10/1990,137.67 ,133.40 , 0.00679 , -0.17033 
1990,11,1/11/1990,152.45 ,133.70 , 0.00225 , 0.10731 
1990,12,1/12/1990,134.06 ,134.20 , 0.00374 , -0.12061 
1991,1,1/1/1991,204.01 ,134.70 , 0.00373 , 0.52177 
1991,2,1/2/1991,106.52 ,134.80 , 0.00074 , -0.47788 
1991,3,1/3/1991,107.94 ,134.80 ,0.00 , 0.01333 
1991,4,1/4/1991,93.01 ,135.10 , 0.00223 , -0.13825 
1991,5,1/5/1991,82.15 ,135.60 , 0.00370 , -0.11683 
1991,6,1/6/1991,85.92 ,136.00 , 0.00295 , 0.04591 
1991,7,1/7/1991,80.65 ,136.20 , 0.00147 , -0.06134 
1991,8,1/8/1991,99.12 ,136.60 , 0.00294 , 0.22906 
1991,9,1/9/1991,127.29 ,137.00 , 0.00293 , 0.28422 
1991,10,1/10/1991,108.12 ,137.20 , 0.00146 , -0.15062 
1991,11,1/11/1991,140.61 ,137.80 , 0.00437 , 0.30051 
1991,12,1/12/1991,171.01 ,138.20 , 0.00290 , 0.21619 
1992,1,1/1/1992,116.36 ,138.30 , 0.00072 , -0.31955 
1992,2,1/2/1992,154.60 ,138.60 , 0.00217 , 0.32855 
1992,3,1/3/1992,96.83 ,139.10 , 0.00361 , -0.37367 
1992,4,1/4/1992,89.85 ,139.40 , 0.00216 , -0.07203 
1992,5,1/5/1992,78.68 ,139.70 , 0.00215 , -0.12435 
1992,6,1/6/1992,122.29 ,140.10 , 0.00286 , 0.55431 
1992,7,1/7/1992,119.61 ,140.50 , 0.00286 , -0.02192 
1992,8,1/8/1992,122.41 ,140.80 , 0.00214 , 0.02336 
1992,9,1/9/1992,141.44 ,141.10 , 0.00213 , 0.15552 
1992,10,1/10/1992,161.25 ,141.70 , 0.00425 , 0.14006 
1992,11,1/11/1992,108.15 ,142.10 , 0.00282 , -0.32932 
1992,12,1/12/1992,87.87 ,142.30 , 0.00141 , -0.18750 
1993,1,1/1/1993,83.46 ,142.80 , 0.00351 , -0.05015 
1993,2,1/2/1993,106.98 ,143.10 , 0.00210 , 0.28169 
1993,3,1/3/1993,109.80 ,143.30 , 0.00140 , 0.02637 
1993,4,1/4/1993,89.65 ,143.80 , 0.00349 , -0.18348 
1993,5,1/5/1993,133.51 ,144.20 , 0.00278 , 0.48917 
1993,6,1/6/1993,120.68 ,144.30 , 0.00069 , -0.09607 
1993,7,1/7/1993,106.50 ,144.50 , 0.00139 , -0.11748 
1993,8,1/8/1993,115.58 ,144.80 , 0.00208 , 0.08519 
1993,9,1/9/1993,116.03 ,145.00 , 0.00138 , 0.00390 
1993,10,1/10/1993,78.82 ,145.60 , 0.00414 , -0.32066 
1993,11,1/11/1993,89.26 ,146.00 , 0.00275 , 0.13239 
1993,12,1/12/1993,77.27 ,146.30 , 0.00206 , -0.13428 
1994,1,1/1/1994,82.29 ,146.30 ,0.00 , 0.06498 
1994,2,1/2/1994,96.15 ,146.70 , 0.00273 , 0.16834 
1994,3,1/3/1994,83.23 ,147.10 , 0.00273 , -0.13437 
1994,4,1/4/1994,106.35 ,147.20 , 0.00068 , 0.27789 
1994,5,1/5/1994,94.50 ,147.50 , 0.00204 , -0.11143 
1994,6,1/6/1994,87.47 ,147.90 , 0.00271 , -0.07444 
1994,7,1/7/1994,75.43 ,148.40 , 0.00338 , -0.13761 
1994,8,1/8/1994,89.00 ,149.00 , 0.00404 , 0.17983 
1994,9,1/9/1994,85.29 ,149.30 , 0.00201 , -0.04162 
1994,10,1/10/1994,61.69 ,149.40 , 0.00067 , -0.27678 
1994,11,1/11/1994,94.69 ,149.80 , 0.00268 , 0.53498 
1994,12,1/12/1994,94.76 ,150.10 , 0.00200 , 0.00080 
1995,1,1/1/1995,122.41 ,150.50 , 0.00267 , 0.29171 
1995,2,1/2/1995,100.52 ,150.90 , 0.00266 , -0.17884 
1995,3,1/3/1995,86.49 ,151.20 , 0.00199 , -0.13957 
1995,4,1/4/1995,66.00 ,151.80 , 0.00397 , -0.23692 
1995,5,1/5/1995,67.30 ,152.10 , 0.00198 , 0.01979 
1995,6,1/6/1995,75.82 ,152.40 , 0.00197 , 0.12662 
1995,7,1/7/1995,81.65 ,152.60 , 0.00131 , 0.07688 
1995,8,1/8/1995,55.89 ,152.90 , 0.00197 , -0.31554 
1995,9,1/9/1995,70.38 ,153.10 , 0.00131 , 0.25932 
1995,10,1/10/1995,79.91 ,153.50 , 0.00261 , 0.13533 
1995,11,1/11/1995,101.20 ,153.70 , 0.00130 , 0.26650 
1995,12,1/12/1995,90.67 ,153.90 , 0.00130 , -0.10405 
1996,1,1/1/1996,101.58 ,154.70 , 0.00520 , 0.12030 
1996,2,1/2/1996,82.02 ,155.00 , 0.00194 , -0.19253 
1996,3,1/3/1996,76.63 ,155.50 , 0.00323 , -0.06573 
1996,4,1/4/1996,70.88 ,156.10 , 0.00386 , -0.07503 
1996,5,1/5/1996,62.11 ,156.40 , 0.00192 , -0.12375 
1996,6,1/6/1996,82.24 ,156.70 , 0.00192 , 0.32416 
1996,7,1/7/1996,69.69 ,157.00 , 0.00191 , -0.15259 
1996,8,1/8/1996,88.65 ,157.20 , 0.00127 , 0.27196 
1996,9,1/9/1996,78.98 ,157.70 , 0.00318 , -0.10905 
1996,10,1/10/1996,55.67 ,158.20 , 0.00317 , -0.29514 
1996,11,1/11/1996,74.37 ,158.70 , 0.00316 , 0.33592 
1996,12,1/12/1996,67.17 ,159.10 , 0.00252 , -0.09678 
1997,1,1/1/1997,75.45 ,159.40 , 0.00189 , 0.12315 
1997,2,1/2/1997,92.09 ,159.70 , 0.00188 , 0.22057 
1997,3,1/3/1997,70.45 ,159.80 , 0.00063 , -0.23493 
1997,4,1/4/1997,71.10 ,159.90 , 0.00063 , 0.00925 
1997,5,1/5/1997,75.87 ,159.90 ,0.00 , 0.06702 
1997,6,1/6/1997,84.48 ,160.20 , 0.00188 , 0.11347 
1997,7,1/7/1997,76.71 ,160.40 , 0.00125 , -0.09200 
1997,8,1/8/1997,58.92 ,160.80 , 0.00249 , -0.23194 
1997,9,1/9/1997,54.41 ,161.20 , 0.00249 , -0.07639 
1997,10,1/10/1997,92.93 ,161.50 , 0.00186 , 0.70782 
1997,11,1/11/1997,85.98 ,161.70 , 0.00124 , -0.07475 
1997,12,1/12/1997,103.70 ,161.80 , 0.00062 , 0.20605 
1998,1,1/1/1998,107.95 ,162.00 , 0.00124 , 0.04103 
1998,2,1/2/1998,101.15 ,162.00 ,0.00 , -0.06303 
1998,3,1/3/1998,83.35 ,162.00 ,0.00 , -0.17600 
1998,4,1/4/1998,74.46 ,162.20 , 0.00124 , -0.10667 
1998,5,1/5/1998,80.13 ,162.60 , 0.00247 , 0.07615 
1998,6,1/6/1998,80.89 ,162.80 , 0.00123 , 0.00949 
1998,7,1/7/1998,101.42 ,163.20 , 0.00246 , 0.25382 
1998,8,1/8/1998,130.47 ,163.40 , 0.00123 , 0.28642 
1998,9,1/9/1998,169.04 ,163.50 , 0.00061 , 0.29563 
1998,10,1/10/1998,145.02 ,163.90 , 0.00245 , -0.14206 
1998,11,1/11/1998,113.50 ,164.10 , 0.00122 , -0.21733 
1998,12,1/12/1998,110.89 ,164.40 , 0.00183 , -0.02299 
1999,1,1/1/1999,123.32 ,164.70 , 0.00183 , 0.11207 
1999,2,1/2/1999,95.00 ,164.70 ,0.00 , -0.22969 
1999,3,1/3/1999,67.03 ,164.80 , 0.00061 , -0.29442 
1999,4,1/4/1999,69.79 ,165.90 , 0.00668 , 0.04118 
1999,5,1/5/1999,64.78 ,166.00 , 0.00060 , -0.07181 
1999,6,1/6/1999,74.93 ,166.00 ,0.00 , 0.15668 
1999,7,1/7/1999,86.53 ,166.70 , 0.00422 , 0.15488 
1999,8,1/8/1999,77.03 ,167.10 , 0.00240 , -0.10984 
1999,9,1/9/1999,77.50 ,167.80 , 0.00419 , 0.00614 
1999,10,1/10/1999,65.34 ,168.10 , 0.00179 , -0.15692 
1999,11,1/11/1999,76.32 ,168.40 , 0.00179 , 0.16805 
1999,12,1/12/1999,79.32 ,168.80 , 0.00238 , 0.03938 
2000,1,1/1/2000,88.99 ,169.30 , 0.00296 , 0.12186 
2000,2,1/2/2000,73.37 ,170.00 , 0.00414 , -0.17557 
2000,3,1/3/2000,73.30 ,171.00 , 0.00588 , -0.00091 
2000,4,1/4/2000,70.60 ,170.90 , -0.00059 , -0.03682 
2000,5,1/5/2000,118.14 ,171.20 , 0.00176 , 0.67342 
2000,6,1/6/2000,109.58 ,172.20 , 0.00584 , -0.07245 
2000,7,1/7/2000,86.66 ,172.70 , 0.00290 , -0.20921 
2000,8,1/8/2000,58.91 ,172.70 ,0.00 , -0.32025 
2000,9,1/9/2000,73.55 ,173.60 , 0.00521 , 0.24861 
2000,10,1/10/2000,89.91 ,173.90 , 0.00173 , 0.22246 
2000,11,1/11/2000,166.18 ,174.20 , 0.00173 , 0.84827 
2000,12,1/12/2000,149.45 ,174.60 , 0.00230 , -0.10071 
2001,1,1/1/2001,142.61 ,175.60 , 0.00573 , -0.04573 
2001,2,1/2/2001,128.63 ,176.00 , 0.00228 , -0.09809 
2001,3,1/3/2001,137.37 ,176.10 , 0.00057 , 0.06802 
2001,4,1/4/2001,148.76 ,176.40 , 0.00170 , 0.08287 
2001,5,1/5/2001,117.44 ,177.30 , 0.00510 , -0.21056 
2001,6,1/6/2001,93.46 ,177.70 , 0.00226 , -0.20415 
2001,7,1/7/2001,120.29 ,177.40 , -0.00169 , 0.28711 
2001,8,1/8/2001,95.40 ,177.40 ,0.00 , -0.20695 
2001,9,1/9/2001,272.76 ,178.10 , 0.00395 , 1.85917 
2001,10,1/10/2001,247.29 ,177.60 , -0.00281 , -0.09338 
2001,11,1/11/2001,172.49 ,177.50 , -0.00056 , -0.30250 
2001,12,1/12/2001,149.71 ,177.40 , -0.00056 , -0.13207 
2002,1,1/1/2002,148.45 ,177.70 , 0.00169 , -0.00841 
2002,2,1/2/2002,104.61 ,178.00 , 0.00169 , -0.29532 
2002,3,1/3/2002,97.51 ,178.50 , 0.00281 , -0.06784 
2002,4,1/4/2002,106.16 ,179.30 , 0.00448 , 0.08872 
2002,5,1/5/2002,98.64 ,179.50 , 0.00112 , -0.07088 
2002,6,1/6/2002,111.15 ,179.60 , 0.00056 , 0.12682 
2002,7,1/7/2002,139.66 ,180.00 , 0.00223 , 0.25651 
2002,8,1/8/2002,136.12 ,180.50 , 0.00278 , -0.02536 
2002,9,1/9/2002,149.85 ,180.80 , 0.00166 , 0.10086 
2002,10,1/10/2002,128.97 ,181.20 , 0.00221 , -0.13931 
2002,11,1/11/2002,162.22 ,181.50 , 0.00166 , 0.25779 
2002,12,1/12/2002,160.41 ,181.80 , 0.00165 , -0.01116 
2003,1,1/1/2003,185.59 ,182.60 , 0.00440 , 0.15697 
2003,2,1/2/2003,161.76 ,183.60 , 0.00548 , -0.12841 
2003,3,1/3/2003,224.65 ,183.90 , 0.00163 , 0.38877 
2003,4,1/4/2003,176.58 ,183.20 , -0.00381 , -0.21397 
2003,5,1/5/2003,122.31 ,182.90 , -0.00164 , -0.30734 
2003,6,1/6/2003,110.70 ,183.10 , 0.00109 , -0.09496 
2003,7,1/7/2003,103.75 ,183.70 , 0.00328 , -0.06276 
2003,8,1/8/2003,91.71 ,184.50 , 0.00436 , -0.11599 
2003,9,1/9/2003,109.55 ,185.10 , 0.00325 , 0.19452 
2003,10,1/10/2003,78.59 ,184.90 , -0.00108 , -0.28267 
2003,11,1/11/2003,78.70 ,185.00 , 0.00054 , 0.00140 
2003,12,1/12/2003,90.34 ,185.50 , 0.00270 , 0.14801 
2004,1,1/1/2004,88.28 ,186.30 , 0.00431 , -0.02287 
2004,2,1/2/2004,88.90 ,186.70 , 0.00215 , 0.00707 
2004,3,1/3/2004,84.33 ,187.10 , 0.00214 , -0.05141 
2004,4,1/4/2004,79.73 ,187.40 , 0.00160 , -0.05459 
2004,5,1/5/2004,97.21 ,188.20 , 0.00427 , 0.21926 
2004,6,1/6/2004,85.27 ,188.90 , 0.00372 , -0.12276 
2004,7,1/7/2004,88.96 ,189.10 , 0.00106 , 0.04318 
2004,8,1/8/2004,84.45 ,189.20 , 0.00053 , -0.05066 
2004,9,1/9/2004,108.51 ,189.80 , 0.00317 , 0.28490 
2004,10,1/10/2004,118.34 ,190.80 , 0.00527 , 0.09061 
2004,11,1/11/2004,96.70 ,191.70 , 0.00472 , -0.18291 
2004,12,1/12/2004,66.53 ,191.70 ,0.00 , -0.31194 
2005,1,1/1/2005,66.73 ,191.60 , -0.00052 , 0.00303 
2005,2,1/2/2005,51.70 ,192.40 , 0.00418 , -0.22535 
2005,3,1/3/2005,49.31 ,193.10 , 0.00364 , -0.04618 
2005,4,1/4/2005,78.40 ,193.70 , 0.00311 , 0.58990 
2005,5,1/5/2005,75.09 ,193.60 , -0.00052 , -0.04216 
2005,6,1/6/2005,82.01 ,193.70 , 0.00052 , 0.09209 
2005,7,1/7/2005,71.94 ,194.90 , 0.00620 , -0.12275 
2005,8,1/8/2005,59.62 ,196.10 , 0.00616 , -0.17129 
2005,9,1/9/2005,105.77 ,198.80 , 0.01377 , 0.77415 
2005,10,1/10/2005,79.83 ,199.10 , 0.00151 , -0.24525 
2005,11,1/11/2005,60.07 ,198.10 , -0.00502 , -0.24755 
2005,12,1/12/2005,70.03 ,198.10 ,0.00 , 0.16579 
2006,1,1/1/2006,75.08 ,199.30 , 0.00606 , 0.07215 
2006,2,1/2/2006,69.49 ,199.40 , 0.00050 , -0.07442 
2006,3,1/3/2006,55.01 ,199.70 , 0.00151 , -0.20842 
2006,4,1/4/2006,81.65 ,200.70 , 0.00501 , 0.48436 
2006,5,1/5/2006,67.81 ,201.30 , 0.00299 , -0.16952 
2006,6,1/6/2006,82.59 ,201.80 , 0.00248 , 0.21791 
2006,7,1/7/2006,84.47 ,202.90 , 0.00545 , 0.02286 
2006,8,1/8/2006,71.52 ,203.80 , 0.00444 , -0.15341 
2006,9,1/9/2006,61.75 ,202.80 , -0.00491 , -0.13653 
2006,10,1/10/2006,55.63 ,201.90 , -0.00444 , -0.09914 
2006,11,1/11/2006,49.60 ,202.00 , 0.00050 , -0.10840 
2006,12,1/12/2006,51.04 ,203.10 , 0.00545 , 0.02903 
2007,1,1/1/2007,74.51 ,203.44 , 0.00166 , 0.45986 
2007,2,1/2/2007,50.86 ,204.23 , 0.00388 , -0.31741 
2007,3,1/3/2007,72.53 ,205.29 , 0.00520 , 0.42607 
2007,4,1/4/2007,59.84 ,205.90 , 0.00300 , -0.17494 
2007,5,1/5/2007,71.14 ,206.76 , 0.00413 , 0.18876 
2007,6,1/6/2007,68.76 ,207.23 , 0.00232 , -0.03343 
2007,7,1/7/2007,44.78 ,207.60 , 0.00178 , -0.34870 
2007,8,1/8/2007,90.01 ,207.67 , 0.00031 , 1.00987 
2007,9,1/9/2007,109.89 ,208.55 , 0.00424 , 0.22093 
2007,10,1/10/2007,90.64 ,209.19 , 0.00308 , -0.17519 
2007,11,1/11/2007,106.57 ,210.83 , 0.00786 , 0.17571 
2007,12,1/12/2007,116.99 ,211.45 , 0.00290 , 0.09782 
2008,1,1/1/2008,177.04 ,212.17 , 0.00345 , 0.51330 
2008,2,1/2/2008,108.31 ,212.69 , 0.00242 , -0.38820 
2008,3,1/3/2008,114.47 ,213.45 , 0.00358 , 0.05687 
2008,4,1/4/2008,98.20 ,213.94 , 0.00231 , -0.14219 
2008,5,1/5/2008,88.67 ,215.21 , 0.00592 , -0.09699 
2008,6,1/6/2008,89.14 ,217.46 , 0.01048 , 0.00523 
2008,7,1/7/2008,115.10 ,219.02 , 0.00714 , 0.29130 
2008,8,1/8/2008,81.16 ,218.69 , -0.00149 , -0.29486 
2008,9,1/9/2008,238.17 ,218.88 , 0.00086 , 1.93449 
2008,10,1/10/2008,241.77 ,217.00 , -0.00860 , 0.01512 
2008,11,1/11/2008,162.71 ,213.15 , -0.01771 , -0.32700 
2008,12,1/12/2008,157.83 ,211.40 , -0.00823 , -0.03002 
2009,1,1/1/2009,184.82 ,211.93 , 0.00253 , 0.17100 
2009,2,1/2/2009,202.55 ,212.71 , 0.00364 , 0.09593 
2009,3,1/3/2009,167.99 ,212.50 , -0.00099 , -0.17061 
2009,4,1/4/2009,107.93 ,212.71 , 0.00101 , -0.35754 
2009,5,1/5/2009,125.94 ,213.02 , 0.00147 , 0.16694 
2009,6,1/6/2009,112.47 ,214.79 , 0.00830 , -0.10697 
2009,7,1/7/2009,104.36 ,214.73 , -0.00030 , -0.07217 
2009,8,1/8/2009,111.17 ,215.45 , 0.00335 , 0.06535 
2009,9,1/9/2009,99.01 ,215.86 , 0.00193 , -0.10942 
2009,10,1/10/2009,86.24 ,216.51 , 0.00300 , -0.12896 
2009,11,1/11/2009,99.78 ,217.23 , 0.00335 , 0.15697 
2009,12,1/12/2009,108.40 ,217.35 , 0.00052 , 0.08636 
2010,1,1/1/2010,136.86 ,217.49 , 0.00065 , 0.26263 
2010,2,1/2/2010,116.72 ,217.28 , -0.00095 , -0.14717 
2010,3,1/3/2010,124.69 ,217.35 , 0.00033 , 0.06825 
2010,4,1/4/2010,123.70 ,217.40 , 0.00023 , -0.00790 
2010,5,1/5/2010,147.76 ,217.29 , -0.00052 , 0.19451 
2010,6,1/6/2010,129.73 ,217.20 , -0.00042 , -0.12203 
2010,7,1/7/2010,196.95 ,217.61 , 0.00187 , 0.51811 
2010,8,1/8/2010,127.23 ,217.92 , 0.00146 , -0.35400 
2010,9,1/9/2010,186.74 ,218.28 , 0.00162 , 0.46777 
2010,10,1/10/2010,154.76 ,219.04 , 0.00348 , -0.17125 
2010,11,1/11/2010,175.04 ,219.59 , 0.00253 , 0.13105 
2010,12,1/12/2010,151.55 ,220.47 , 0.00402 , -0.13420 
2011,1,1/1/2011,111.49 ,221.19 , 0.00324 , -0.26433 
2011,2,1/2/2011,104.56 ,221.90 , 0.00321 , -0.06216 
2011,3,1/3/2011,153.84 ,223.05 , 0.00517 , 0.47129 
2011,4,1/4/2011,124.85 ,224.09 , 0.00469 , -0.18847 
2011,5,1/5/2011,84.55 ,224.81 , 0.00318 , -0.32278 
2011,6,1/6/2011,139.04 ,224.81 ,0.00 , 0.64446 
2011,7,1/7/2011,207.16 ,225.40 , 0.00262 , 0.48996 
2011,8,1/8/2011,283.67 ,226.11 , 0.00315 , 0.36931 
2011,9,1/9/2011,214.43 ,226.60 , 0.00217 , -0.24409 
2011,10,1/10/2011,137.84 ,226.75 , 0.00068 , -0.35717 
2011,11,1/11/2011,143.71 ,227.17 , 0.00185 , 0.04262 
2011,12,1/12/2011,183.09 ,227.22 , 0.00024 , 0.27397 
2012,1,1/1/2012,154.42 ,227.84 , 0.00272 , -0.15659 
2012,2,1/2/2012,119.44 ,228.33 , 0.00214 , -0.22655 
2012,3,1/3/2012,98.75 ,228.81 , 0.00209 , -0.17321 
2012,4,1/4/2012,96.97 ,229.19 , 0.00166 , -0.01801 
2012,5,1/5/2012,135.88 ,228.71 , -0.00207 , 0.40126 
2012,6,1/6/2012,197.46 ,228.52 , -0.00083 , 0.45320 
2012,7,1/7/2012,180.80 ,228.59 , 0.00029 , -0.08436 
2012,8,1/8/2012,142.96 ,229.92 , 0.00581 , -0.20933 
2012,9,1/9/2012,182.11 ,231.02 , 0.00477 , 0.27388 
2012,10,1/10/2012,166.13 ,231.64 , 0.00270 , -0.08774 
2012,11,1/11/2012,205.86 ,231.25 , -0.00168 , 0.23919 
2012,12,1/12/2012,214.95 ,231.22 , -0.00012 , 0.04414 
2013,1,1/1/2013,199.36 ,231.68 , 0.00198 , -0.07254 
2013,2,1/2/2013,128.56 ,232.94 , 0.00543 , -0.35512 
2013,3,1/3/2013,146.12 ,232.28 , -0.00281 , 0.13654 
2013,4,1/4/2013,135.44 ,231.80 , -0.00209 , -0.07306 
2013,5,1/5/2013,109.03 ,231.89 , 0.00041 , -0.19501 
2013,6,1/6/2013,126.63 ,232.45 , 0.00238 , 0.16141 
2013,7,1/7/2013,91.44 ,232.90 , 0.00196 , -0.27789 
2013,8,1/8/2013,108.76 ,233.46 , 0.00239 , 0.18943 
2013,9,1/9/2013,179.89 ,233.54 , 0.00038 , 0.65403 
2013,10,1/10/2013,225.37 ,233.67 , 0.00054 , 0.25284 
2013,11,1/11/2013,89.92 ,234.10 , 0.00184 , -0.60104 
2013,12,1/12/2013,115.02 ,234.72 , 0.00264 , 0.27921 
2014,1,1/1/2014,107.71 ,235.29 , 0.00242 , -0.06360 
2014,2,1/2/2014,93.37 ,235.55 , 0.00110 , -0.13310 
2014,3,1/3/2014,101.02 ,236.03 , 0.00204 , 0.08193 
2014,4,1/4/2014,96.99 ,236.47 , 0.00186 , -0.03985 
2014,5,1/5/2014,102.02 ,236.92 , 0.00190 , 0.05177 
2014,6,1/6/2014,85.97 ,237.23 , 0.00132 , -0.15730 
2014,7,1/7/2014,78.51 ,237.50 , 0.00113 , -0.08681 
2014,8,1/8/2014,63.88 ,237.46 , -0.00016 , -0.18634 
2014,9,1/9/2014,86.22 ,237.48 , 0.00007 , 0.34972 
2014,10,1/10/2014,113.33 ,237.43 , -0.00020 , 0.31453 
2014,11,1/11/2014,93.19 ,236.98 , -0.00188 , -0.17778 
2014,12,1/12/2014,87.42 ,236.25 , -0.00309 , -0.06193 
2015,1,1/1/2015,120.54 ,234.75 , -0.00637 , 0.37898 
2015,2,1/2/2015,87.61 ,235.34 , 0.00254 , -0.27322 
2015,3,1/3/2015,95.98 ,235.98 , 0.00269 , 0.09553 
2015,4,1/4/2015,103.54 ,236.22 , 0.00104 , 0.07883 
2015,5,1/5/2015,102.32 ,237.00 , 0.00330 , -0.01184 
2015,6,1/6/2015,115.88 ,237.66 , 0.00277 , 0.13254 
2015,7,1/7/2015,98.73 ,238.03 , 0.00159 , -0.14796 
2015,8,1/8/2015,156.50 ,238.03 ,0.00 , 0.58509 
2015,9,1/9/2015,171.93 ,237.50 , -0.00225 , 0.09859 
2015,10,1/10/2015,110.70 ,237.73 , 0.00099 , -0.35613 
2015,11,1/11/2015,89.58 ,238.02 , 0.00120 , -0.19077 
2015,12,1/12/2015,101.96 ,237.76 , -0.00108 , 0.13819 
2016,1,1/1/2016,154.86 ,237.65 , -0.00046 , 0.51875 
2016,2,1/2/2016,148.32 ,237.34 , -0.00133 , -0.04220 
2016,3,1/3/2016,130.49 ,238.08 , 0.00314 , -0.12022 
2016,4,1/4/2016,96.41 ,238.99 , 0.00383 , -0.26114 
2016,5,1/5/2016,96.22 ,239.56 , 0.00236 , -0.00198 
2016,6,1/6/2016,233.96 ,240.22 , 0.00278 , 1.43141 
2016,7,1/7/2016,164.46 ,240.10 , -0.00050 , -0.29705 
2016,8,1/8/2016,106.89 ,240.55 , 0.00185 , -0.35008 
2016,9,1/9/2016,86.34 ,241.18 , 0.00262 , -0.19219 
2016,10,1/10/2016,108.06 ,241.74 , 0.00234 , 0.25156 
2016,11,1/11/2016,254.10 ,242.03 , 0.00118 , 1.35139 
2016,12,1/12/2016,161.42 ,242.64 , 0.00253 , -0.36472 
2017,1,1/1/2017,195.04 ,243.62 , 0.00404 , 0.20825 
2017,2,1/2/2017,177.78 ,244.01 , 0.00159 , -0.08851 
2017,3,1/3/2017,154.61 ,243.89 , -0.00047 , -0.13032 
2017,4,1/4/2017,157.68 ,244.19 , 0.00123 , 0.01984 
2017,5,1/5/2017,129.89 ,244.00 , -0.00077 , -0.17624 
2017,6,1/6/2017,120.64 ,244.16 , 0.00065 , -0.07121 
2017,7,1/7/2017,141.14 ,244.24 , 0.00033 , 0.16993 
2017,8,1/8/2017,137.86 ,245.18 , 0.00385 , -0.02323 
2017,9,1/9/2017,116.62 ,246.44 , 0.00511 , -0.15407 
2017,10,1/10/2017,125.87 ,246.63 , 0.00078 , 0.07928 
2017,11,1/11/2017,111.28 ,247.28 , 0.00267 , -0.11586 
2017,12,1/12/2017,140.35 ,247.81 , 0.00211 , 0.26120 
2018,1,1/1/2018,160.97 ,248.86 , 0.00425 , 0.14690 
2018,2,1/2/2018,114.76 ,249.53 , 0.00269 , -0.28709 
2018,3,1/3/2018,187.10 ,249.58 , 0.00019 , 0.63039 
2018,4,1/4/2018,139.04 ,250.23 , 0.00260 , -0.25688 
2018,5,1/5/2018,162.28 ,250.79 , 0.00226 , 0.16716 
2018,6,1/6/2018,134.40 ,251.02 , 0.00090 , -0.17177 
2018,7,1/7/2018,176.21 ,251.21 , 0.00078 , 0.31102 
2018,8,1/8/2018,114.96 ,251.66 , 0.00179 , -0.34757 
2018,9,1/9/2018,120.99 ,252.18 , 0.00206 , 0.05240 
2018,10,1/10/2018,136.11 ,252.77 , 0.00234 , 0.12505 
2018,11,1/11/2018,164.94 ,252.59 , -0.00070 , 0.21179 
2018,12,1/12/2018,226.58 ,252.77 , 0.00069 , 0.37367 
2019,1,1/1/2019,284.14 ,252.56 , -0.00082 , 0.25404 
2019,2,1/2/2019,123.64 ,253.32 , 0.00300 , -0.56486 
2019,3,1/3/2019,180.63 ,254.28 , 0.00378 , 0.46096 
2019,4,1/4/2019,109.69 ,255.23 , 0.00376 , -0.39276 
2019,5,1/5/2019,160.86 ,255.30 , 0.00025 , 0.46653 
2019,6,1/6/2019,207.99 ,255.21 , -0.00033 , 0.29301 
2019,7,1/7/2019,207.75 ,255.80 , 0.00231 , -0.00118 
2019,8,1/8/2019,282.52 ,256.04 , 0.00092 , 0.35995 
2019,9,1/9/2019,186.64 ,256.43 , 0.00154 , -0.33938 
2019,10,1/10/2019,159.51 ,257.16 , 0.00283 , -0.14536 
2019,11,1/11/2019,170.48 ,257.88 , 0.00282 , 0.06877 
2019,12,1/12/2019,190.50 ,258.63 , 0.00291 , 0.11746 
2020,1,1/1/2020,164.76 ,259.13 , 0.00192 , -0.13517 
2020,2,1/2/2020,216.19 ,259.25 , 0.00048 , 0.31220 
2020,3,1/3/2020,425.78 ,258.08 , -0.00453 , 0.96946 
2020,4,1/4/2020,400.94 ,256.03 , -0.00792 , -0.05833 
2020,5,1/5/2020,503.96 ,255.80 , -0.00090 , 0.25694 
2020,6,1/6/2020,300.24 ,257.04 , 0.00485 , -0.40424 
2020,7,1/7/2020,427.92 ,258.35 , 0.00510 , 0.42524 
2020,8,1/8/2020,263.47 ,259.32 , 0.00373 , -0.38429 
2020,9,1/9/2020,252.59 ,260.00 , 0.00263 , -0.04131 
2020,10,1/10/2020,305.77 ,260.32 , 0.00124 , 0.21054 
2020,11,1/11/2020,327.61 ,260.91 , 0.00227 , 0.07144 
2020,12,1/12/2020,326.62 ,262.05 , 0.00435 , -0.00303 
2021,1,1/1/2021,261.31 ,262.64 , 0.00227 , -0.19996 
2021,2,1/2/2021,187.52 ,263.57 , 0.00356 , -0.28238 
2021,3,1/3/2021,166.79 ,264.85 , 0.00483 , -0.11057 
2021,4,1/4/2021,141.30 ,266.63 , 0.00671 , -0.15280 
2021,5,1/5/2021,172.10 ,268.40 , 0.00667 , 0.21795 
2021,6,1/6/2021,149.13 ,270.71 , 0.00859 , -0.13344 
2021,7,1/7/2021,182.17 ,271.97 , 0.00464 , 0.22155 
2021,8,1/8/2021,157.20 ,272.75 , 0.00289 , -0.13710 
2021,9,1/9/2021,171.30 ,273.94 , 0.00436 , 0.08973 
2021,10,1/10/2021,136.92 ,276.53 , 0.00944 , -0.20070 
2021,11,1/11/2021,175.87 ,278.82 , 0.00830 , 0.28449 
2021,12,1/12/2021,201.43 ,280.81 , 0.00711 , 0.14534 
2022,1,1/1/2022,155.28 ,282.54 , 0.00618 , -0.22913 
2022,2,1/2/2022,140.44 ,284.53 , 0.00702 , -0.09555 
2022,3,1/3/2022,229.24 ,287.47 , 0.01034 , 0.63230 
2022,4,1/4/2022,168.83 ,288.58 , 0.00388 , -0.26355 
2022,5,1/5/2022,190.45 ,291.30 , 0.00942 , 0.12809 
2022,6,1/6/2022,152.81 ,295.07 , 0.01295 , -0.19765 
2022,7,1/7/2022,222.79 ,294.94 , -0.00045 , 0.45795 
2022,8,1/8/2022,183.03 ,295.16 , 0.00075 , -0.17844 
2022,9,1/9/2022,201.74 ,296.42 , 0.00427 , 0.10219 
2022,10,1/10/2022,207.28 ,297.98 , 0.00526 , 0.02745 
2022,11,1/11/2022,210.37 ,298.71 , 0.00245 , 0.01495 
2022,12,1/12/2022,150.04 ,298.81 , 0.00034 , -0.28681 
2023,1,1/1/2023,161.43 ,300.46 , 0.00552 , 0.07591 
2023,2,1/2/2023,152.97 ,301.48 , 0.00340 , -0.05241 
2023,3,1/3/2023,200.49 ,301.64 , 0.00055 , 0.31067 
2023,4,1/4/2023,165.42 ,302.86 , 0.00403 , -0.17493 
2023,5,1/5/2023,205.18 ,303.32 , 0.00151 , 0.24036 
2023,6,1/6/2023,179.31 ,304.10 , 0.00258 , -0.12608 
2023,7,1/7/2023,132.71 ,304.62 , 0.00170 , -0.25987 
2023,8,1/8/2023,76.84 ,306.14 , 0.00500 , -0.42096 
2023,9,1/9/2023,117.70 ,307.37 , 0.00404 , 0.53165 
2023,10,1/10/2023,133.59 ,307.65 , 0.00091 , 0.13505 
2023,11,1/11/2023,140.68 ,308.09 , 0.00141 , 0.05302 
2023,12,1/12/2023,107.00 ,308.74 , 0.00210 , -0.23938 
2024,1,1/1/2024,131.27 ,309.79 , 0.00343 , 0.22684 
2024,2,1/2/2024,106.51 ,311.02 , 0.00396 , -0.18862 
2024,3,1/3/2024,116.71 ,312.11 , 0.00349 , 0.09575 
2024,4,1/4/2024,139.41 ,313.02 , 0.00291 , 0.19450 
2024,5,1/5/2024,123.61 ,313.14 , 0.00040 , -0.11337 
2024,6,1/6/2024,144.18 ,313.13 , -0.00003 , 0.16642 
2024,7,1/7/2024,144.94 ,313.57 , 0.00139 , 0.00526 
2024,8,1/8/2024,138.37 ,314.13 , 0.00180 , -0.04533 
2024,9,1/9/2024,127.40 ,314.85 , 0.00229 , -0.07926 
2024,10,1/10/2024,109.29 ,315.56 , 0.00227 , -0.14214 
2024,11,1/11/2024,225.05 ,316.45 , 0.00281 , 1.05918 
2024,12,1/12/2024,218.85 ,317.60 , 0.00365 , -0.02757 
2025,1,1/1/2025,236.79 ,319.09 , 0.00467 , 0.08198 
2025,2,1/2/2025,329.29 ,319.78 , 0.00216 , 0.39066 
2025,3,1/3/2025,446.30 ,319.62 , -0.00050 , 0.35535 
2025,4,1/4/2025,724.94 ,320.32 , 0.00221 , 0.62431 
2025,5,1/5/2025,563.98 ,320.58 , 0.00081 , -0.22202 
2025,6,1/6/2025,375.59 ,321.50 , 0.00287 , -0.33405 
2025,7,1/7/2025,372.06 ,322.13 , 0.00197 , -0.00938 
2025,8,1/8/2025,334.92 ,323.36 , 0.00383 , -0.09983 
